id;nombre_agencia;codigo;descripcion;encargado;direccion;telefono;email;whatsapp;asesor_1;foto_asesor_1;foto_asesor_1_content_type;asesor_2;foto_asesor_2;foto_asesor_2_content_type;asesor_3;foto_asesor_3;foto_asesor_3_content_type;logo;logo_content_type;foto_1;foto_1_content_type;foto_2;foto_2_content_type;sede_1;sede_2
1;benchmark Planner;Solomon Islands Dollar;../data/blob/hipster.txt;overriding Rustic Metal Computer Web;circuit;Personal Loan Account;America.Moore@yahoo.com;Accountability Assurance Auto Loan Account;seamless indexing Handcrafted;../data/blob/hipster.png;image/png;Malta Auto Loan Account online;../data/blob/hipster.png;image/png;deposit Central African Republic;../data/blob/hipster.png;image/png;../data/blob/hipster.png;image/png;../data/blob/hipster.png;image/png;../data/blob/hipster.png;image/png;markets protocol Savings Account;Shoes HDD
2;utilisation;out-of-the-box Pizza;../data/blob/hipster.txt;systems Sleek Wooden Towels Clothing;Fundamental Designer;Borders Intelligent whiteboard;Antonina20@gmail.com;indexing;XSS;../data/blob/hipster.png;image/png;mindshare navigating Money Market Account;../data/blob/hipster.png;image/png;drive Analyst Awesome Fresh Hat;../data/blob/hipster.png;image/png;../data/blob/hipster.png;image/png;../data/blob/hipster.png;image/png;../data/blob/hipster.png;image/png;Michigan Clothing;Borders HDD
3;redundant withdrawal Planner;National;../data/blob/hipster.txt;benchmark;invoice program;synthesize;Sylvester63@yahoo.com;redefine;Shirt SDD;../data/blob/hipster.png;image/png;communities Refined;../data/blob/hipster.png;image/png;Pike Borders;../data/blob/hipster.png;image/png;../data/blob/hipster.png;image/png;../data/blob/hipster.png;image/png;../data/blob/hipster.png;image/png;payment Rustic;envisioneer Coordinator
4;SMTP;matrices;../data/blob/hipster.txt;Savings Account redefine Multi-channelled;Team-oriented;initiatives;Josiane_King@gmail.com;Cotton Forge New Mexico;port Pants Shirt;../data/blob/hipster.png;image/png;Credit Card Account;../data/blob/hipster.png;image/png;payment Spur;../data/blob/hipster.png;image/png;../data/blob/hipster.png;image/png;../data/blob/hipster.png;image/png;../data/blob/hipster.png;image/png;transmitter Passage SCSI;sky blue Steel
5;Associate;Denmark;../data/blob/hipster.txt;Small Metal Computer Multi-channelled Sausages;artificial intelligence;Arizona Congolese Franc;Wyatt_Kris0@yahoo.com;Paradigm;Facilitator Minnesota;../data/blob/hipster.png;image/png;Borders;../data/blob/hipster.png;image/png;open-source Burundi;../data/blob/hipster.png;image/png;../data/blob/hipster.png;image/png;../data/blob/hipster.png;image/png;../data/blob/hipster.png;image/png;Music;Metal
6;lime Chilean Peso Unidades de fomento Officer;feed;../data/blob/hipster.txt;communities;Officer Quality-focused invoice;Identity Lek Bedfordshire;Rickey_Stroman76@yahoo.com;Frozen;East Caribbean Dollar Nepalese Rupee lavender;../data/blob/hipster.png;image/png;navigating Guarani;../data/blob/hipster.png;image/png;Incredible deposit;../data/blob/hipster.png;image/png;../data/blob/hipster.png;image/png;../data/blob/hipster.png;image/png;../data/blob/hipster.png;image/png;Checking Account utilisation AI;USB primary Iowa
7;Refined withdrawal copy;Kuwaiti Dinar solid state program;../data/blob/hipster.txt;help-desk SAS embrace;Nigeria;firmware;Frederick_Monahan@yahoo.com;disintermediate Jordan Savings Account;deploy Advanced;../data/blob/hipster.png;image/png;New Mexico;../data/blob/hipster.png;image/png;Pakistan Rupee;../data/blob/hipster.png;image/png;../data/blob/hipster.png;image/png;../data/blob/hipster.png;image/png;../data/blob/hipster.png;image/png;connect Berkshire;XSS Suriname
8;Lead cross-platform;enable;../data/blob/hipster.txt;Moldova Operative;Investment Account generate;synthesize capacitor Andorra;Cletus89@hotmail.com;Unbranded Frozen Bike invoice;Intelligent Frozen Shoes mission-critical;../data/blob/hipster.png;image/png;Shoes;../data/blob/hipster.png;image/png;Open-source multi-tasking;../data/blob/hipster.png;image/png;../data/blob/hipster.png;image/png;../data/blob/hipster.png;image/png;../data/blob/hipster.png;image/png;Data;Moldova archive
9;monitor morph;networks Granite Computer;../data/blob/hipster.txt;CSS haptic Fish;Licensed;white Principal;Jayne_Bogisich55@yahoo.com;Sleek Rubber Computer Solutions;invoice Cambridgeshire;../data/blob/hipster.png;image/png;Secured olive;../data/blob/hipster.png;image/png;Shirt next-generation;../data/blob/hipster.png;image/png;../data/blob/hipster.png;image/png;../data/blob/hipster.png;image/png;../data/blob/hipster.png;image/png;Legacy efficient Exclusive;definition transmitter navigating
10;Trinidad and Tobago Dollar Licensed Savings Account;interfaces Mouse;../data/blob/hipster.txt;bus;Field Bermuda Chair;deposit;Cooper.Lockman@yahoo.com;benchmark;Sleek Wooden Chips bi-directional;../data/blob/hipster.png;image/png;Russian Ruble deploy;../data/blob/hipster.png;image/png;Roads feed;../data/blob/hipster.png;image/png;../data/blob/hipster.png;image/png;../data/blob/hipster.png;image/png;../data/blob/hipster.png;image/png;Director;bypassing
